,anime,votes,weight,rate,rate_1,rate_2,rate_3,rate_4,rate_5
0,Naruto Shippuuden,48518,233346,4.81,1111,275,817,2341,43974
1,Shugo Chara,33688,163641,4.86,503,104,438,1599,31044
2,BLEACH,23900,115445,4.83,391,98,370,1457,21584
3,Naruto,16613,79667,4.8,456,64,282,818,14993
4,Skip Beat!,15011,73683,4.91,98,20,112,696,14085
5,REBORN!,12542,61262,4.88,114,47,132,587,11662
6,Gintama,11435,55745,4.87,133,47,124,509,10622
7,La Corda d'Oro ~primo passo~ and ~secondo passo~,9555,46479,4.86,71,26,148,638,8672
8,Eyeshield 21,8466,41028,4.85,99,43,115,547,7662
9,Hayate the Combat Butler! (S1 e S2),5689,27576,4.85,47,12,92,461,5077
10,Natsume Yuujinchou,5158,25208,4.89,24,7,58,349,4720
11,Myself; Yourself,4588,22000,4.8,47,24,120,440,3957
12,Blue Exorcist,4498,21661,4.82,21,18,96,499,3864
13,Durarara!!,4042,19606,4.85,13,9,53,419,3548
14,Time of Eve,3864,18819,4.87,24,9,42,294,3495
15,Tegami Bachi Letter Bee,3593,17363,4.83,6,11,75,395,3106
16,School Days,3484,14390,4.13,371,120,271,644,2078
17,Sword Art Online,3458,15226,4.4,163,153,284,385,2473
18,The World God Only Knows,3443,16430,4.77,13,18,97,485,2830
19,Demon King Daimao,3420,16148,4.72,30,26,125,504,2735
20,Neo Angelique Abyss,3258,15470,4.75,43,24,121,334,2736
21,Happiness!,3069,14529,4.73,52,17,92,373,2535
22,Linebarrels of Iron,3026,13850,4.58,145,25,130,365,2361
23,Beelzebub,2928,14027,4.79,11,18,80,355,2464
24,Nogizaka Haruka no Himitsu,2504,12133,4.85,24,7,39,192,2242
25,Chi's Sweet Home - Chi's New Address,2467,11947,4.84,30,8,31,182,2216
26,Hanasakeru Seishonen,2461,11829,4.81,21,11,52,255,2122
27,Saki,2367,11134,4.7,29,19,80,368,1871
28,Slam Dunk,2351,11039,4.7,96,14,73,144,2024
29,The Tower of DRUAGA -the Aegis of URUK-,2247,10678,4.75,41,15,50,248,1893
30,Hunter x Hunter,2244,10873,4.85,21,13,51,122,2037
31,11eyes,2137,9790,4.58,43,42,111,375,1566
32,Attack on Titan,2014,9533,4.73,43,32,56,157,1726
33,Koihime Musou,1979,9406,4.75,28,11,56,232,1652
34,Black Clover,1941,7446,3.84,288,173,147,294,1039
35,H2O: Footprints in the Sand,1889,9017,4.77,27,15,49,177,1621
36,BLASSREITER,1869,8661,4.63,67,25,64,213,1500
37,Another,1859,8750,4.71,21,16,64,285,1473
38,Glass Mask,1709,8271,4.84,21,9,22,119,1538
39,The Tower of DRUAGA -the Sword of URUK-,1645,7750,4.71,31,9,59,206,1340
40,5 Centímetros por Segundo,1518,7346,4.84,18,7,27,97,1369
41,Dragon Crisis,1514,7126,4.71,6,14,63,252,1179
42,Inu X Boku Secret Service,1473,6991,4.75,11,13,55,181,1213
43,The Rising of the Shield Hero,1409,6647,4.72,36,29,41,85,1218
44,Asura Cryin',1406,6652,4.73,10,14,53,190,1139
45,Usagi Drop,1402,6850,4.89,6,0,15,106,1275
46,07 Ghost,1400,6688,4.78,9,14,27,180,1170
47,No. 6,1374,6437,4.68,18,13,62,198,1083
48,SKET Dance,1364,6513,4.77,11,8,33,173,1139
49,Otome Yokai Zakuro,1326,6331,4.77,5,2,40,193,1086
50,Lilpri,1323,6342,4.79,14,3,36,136,1134
51,Squid Girl,1319,6223,4.72,10,11,43,213,1042
52,Yokuwakaru Gendai Maho,1288,5906,4.59,29,18,65,234,942
53,A Bridge to the Starry Skies - Hoshizora e Kakaru Hashi,1282,6001,4.68,17,14,56,187,1008
54,Occult Academy,1273,5833,4.58,10,13,69,315,866
55,Kaasan Mom's Life,1201,5634,4.69,33,8,37,141,982
56,Re:ZERO -Starting Life in Another World-,1164,5302,4.55,44,34,60,120,906
57,One Piece,1142,5364,4.7,42,15,35,63,987
58,A Dark Rabbit has Seven Lives,1130,5224,4.62,24,25,49,157,875
59,Kono Aozora ni Yakusoku wo,1119,5143,4.6,37,14,59,144,865
60,Fate/Zero,1097,5254,4.79,12,8,25,109,943
61,JoJo's Bizarre Adventure,1074,5232,4.87,9,6,16,52,991
62,Chihayafuru,1054,5090,4.83,9,4,21,90,930
63,My Hero Academia,1025,4922,4.8,16,10,23,63,913
64,Your lie in April,1014,4914,4.85,8,7,25,53,921
65,Fairy Musketeers,1001,4772,4.77,20,3,25,94,859
66,Air Master,973,4382,4.5,42,9,70,148,704
67,Nogizaka Haruka no Himitsu - Purezza -,966,4596,4.76,10,6,22,132,796
68,Hyakko,956,4491,4.7,22,9,25,124,776
69,Is It Wrong to Try to Pick Up Girls in a Dungeon?,947,4374,4.62,26,25,41,100,755
70,DARLING in the FRANXX,946,4108,4.34,52,49,83,101,661
71,"Listen to Me, Girls, I’m Your Father!",937,4386,4.68,17,6,41,131,742
72,BORUTO: NARUTO NEXT GENERATIONS,893,2865,3.21,237,127,80,111,338
73,Brave 10,892,4141,4.64,12,13,41,150,676
74,HEROMAN,891,4053,4.55,18,9,58,187,619
75,Food Wars! Shokugeki no Soma,884,4214,4.77,10,16,17,84,757
76,Miracle Train,873,4014,4.6,20,15,47,132,659
77,Kanamemo,855,3970,4.64,19,5,35,144,652
78,Ristorante Paradiso,846,3909,4.62,20,2,43,149,632
79,Black Jack,842,3969,4.71,26,8,15,83,710
80,Hanamaru Kindergarten,826,3934,4.76,6,3,26,111,680
81,Demon Slayer: Kimetsu no Yaiba,820,3996,4.87,3,7,18,35,757
82,GOBLIN SLAYER,818,3665,4.48,50,27,33,78,630
83,Sound of the Sky,817,3872,4.74,5,3,25,134,650
84,Shin Koihime Musou,815,3882,4.76,5,6,27,101,676
85,ERASED,797,3871,4.86,8,6,7,50,726
86,Saint Seiya The Lost Canvas,796,3774,4.74,5,2,28,124,637
87,Oreimo,795,3512,4.42,31,35,52,130,547
88,Puella Magi Madoka Magica,791,3813,4.82,7,4,17,68,695
89,Bodacious Space Pirates,791,3687,4.66,6,18,43,104,620
90,YuruYuri,789,3662,4.64,12,5,46,128,598
91,No Game No Life,788,3705,4.7,11,16,25,93,643
92,Pretty Cure,777,3546,4.56,40,8,29,97,603
93,Akame ga Kill!,767,3276,4.27,38,39,68,154,468
94,RWBY,761,3070,4.03,82,58,49,135,437
95,Gankutsuou,741,3516,4.74,11,10,17,81,622
96,Mysterious Girlfriend X,733,3437,4.69,13,13,22,93,592
97,That Time I Got Reincarnated as a Slime,731,3400,4.65,11,18,41,75,586
98,Sweet Blue Flowers,730,3415,4.68,17,6,23,103,581
99,"We, Without Wings - under the innocent sky",730,3295,4.51,17,19,49,132,513
100,Kiseijuu,717,3407,4.75,6,7,21,91,592
101,Kamisama Dolls,705,3230,4.58,6,7,39,172,481
102,NATSU NO ARASHI !,690,3076,4.46,30,5,46,147,462
103,Toradora!,689,3321,4.82,5,5,12,65,602
104,Ano Natsu de Matteru,685,3211,4.69,12,10,21,94,548
105,KILL la KILL,682,3139,4.6,17,23,21,92,529
106,The Ancient Magus' Bride,681,3259,4.79,5,13,20,47,596
107,Mushi-Uta,679,3213,4.73,10,6,26,72,565
108,Fairy Tail,674,2939,4.36,37,36,47,81,473
109,Yuri!!! on ICE,673,3250,4.83,10,4,11,41,607
110,Hourou Musuko Wandering Son,668,3176,4.75,8,2,20,86,552
111,Kuroko's Basketball,665,3207,4.82,4,5,18,51,587
112,Battle Girls - Time Paradox,649,2969,4.57,10,6,42,134,457
113,Fist of the North Star,637,2974,4.67,22,1,23,74,517
114,Level E,623,2888,4.64,3,7,30,134,449
115,RH Plus,623,2886,4.63,10,11,30,96,476
116,"Say ""I love you.""",583,2666,4.57,6,14,35,113,415
117,Log Horizon,576,2619,4.55,12,13,35,104,412
118,Working!,556,2656,4.78,5,7,11,61,472
119,Overlord,548,2533,4.62,24,14,17,35,458
120,Rio Rainbow Gate,541,2408,4.45,24,12,32,101,372
121,Nisemonogatari,540,2523,4.67,15,9,19,52,445
122,HAIKYU!!,530,2625,4.95,2,0,0,17,511
123,My Little Monster,524,2372,4.53,6,9,42,113,354
124,Angel Beats,521,2441,4.69,4,7,26,75,409
125,KONOSUBA -God's blessing on this wonderful world!,519,2414,4.65,9,13,22,62,413
126,Golden Time,519,2391,4.61,11,16,23,66,403
127,Diabolik Lovers,517,1544,2.99,169,58,60,71,159
128,Dr. STONE,516,2401,4.65,15,11,29,28,433
129,Seitokai No Ichizon - Student Councils Discretion,514,2442,4.75,3,3,17,73,418
130,Horizon in the Middle of Nowhere,505,2241,4.44,23,21,31,67,363
131,Berserk,505,1775,3.51,104,50,48,88,215
132,The Place Promised In Our Early Days,503,2433,4.84,6,1,7,41,448
133,Mob Psycho 100,501,2413,4.82,4,6,7,44,440
134,In Another World With My Smartphone,500,1729,3.46,94,65,55,90,196
135,Shin Koihime Musou - Otome Tairan,493,2352,4.77,2,6,17,53,415
136,Un-Go,491,2289,4.66,5,7,21,83,375
137,Yona of the Dawn,486,2327,4.79,3,4,14,51,414
138,GATE,479,2076,4.33,20,29,39,74,317
139,Dragon Ball Super,479,2029,4.24,40,28,32,58,321
140,Anohana: The Flower We Saw That Day,477,2299,4.82,5,4,9,36,423
141,Rascal Does Not Dream of Bunny Girl Senpai,476,2321,4.88,3,3,6,26,438
142,Free! Iwatobi Swim Club,474,2201,4.64,10,8,12,81,363
143,Voices of a Distant Star,471,2211,4.69,9,8,15,54,385
144,ReLIFE,467,2266,4.85,1,3,8,40,415
145,Kids on the Slope,466,2276,4.88,1,3,5,31,426
146,Sailor Moon Crystal,457,2034,4.45,15,27,31,48,336
147,Familiar of Zero F,448,2063,4.6,12,5,19,76,336
148,Isekai Cheat Magician,446,952,2.13,237,66,52,28,63
149,The Irregular at Magic High School,441,1842,4.18,24,35,48,66,268
150,Mashiroiro Symphony,439,2049,4.67,3,12,19,60,345
151,THE PROMISED NEVERLAND,433,2124,4.91,3,1,5,16,408
152,Miss Kobayashi's Dragon Maid,428,2022,4.72,5,4,9,68,342
153,Hiiro no Kakera,426,1786,4.19,22,35,44,63,262
154,You and Me,420,1950,4.64,12,3,20,53,332
155,Rokka no Yuusha,417,1632,3.91,31,45,52,90,199
156,The Prince of Tennis II,414,1952,4.71,5,8,16,42,343
157,Saga of Tanya the Evil,404,1830,4.53,16,13,14,59,302
158,Aldnoah.Zero,395,1584,4.01,21,33,61,86,194
159,Recorder and Randsell,392,1691,4.31,16,21,33,76,246
160,My Love Story!!,388,1892,4.88,1,1,9,23,354
161,Natsume Yuujinchou 4,385,1891,4.91,1,1,2,23,358
162,Dusk Maiden of Amnesia,378,1772,4.69,1,3,21,63,290
163,Charlotte,378,1706,4.51,12,11,23,57,275
164,Star Driver,373,1718,4.61,8,7,21,52,285
165,How Not to Summon a Demon Lord,371,1499,4.04,29,25,40,85,192
166,NARUTO Spin-Off: Rock Lee & His Ninja Pals,369,1513,4.1,44,14,34,46,231
167,Plastic Memories,364,1684,4.63,7,7,25,37,288
168,Nyarko-san: Another Crawling Chaos,364,1628,4.47,16,8,28,48,264
169,Galaxy Express 999,363,1705,4.7,12,2,9,38,302
170,The Pet Girl of Sakurasou,359,1718,4.79,3,8,6,29,313
171,Death March to the Parallel World Rhapsody,358,1350,3.77,40,45,41,63,169
172,Demonbane,350,1576,4.5,8,5,25,77,235
173,Mizu no Kotoba,349,1637,4.69,4,2,12,62,269
174,White Album,348,1496,4.3,23,11,27,65,222
175,The Idol Master,342,1591,4.65,4,8,12,55,263
176,Space Brothers,340,1638,4.82,0,2,10,36,292
177,From The New World,339,1579,4.66,7,8,11,42,271
178,Gurren Lagann,326,1582,4.85,3,2,6,18,297
179,Fullmetal Alchemist: Brotherhood,319,1572,4.93,1,0,2,15,301
180,citrus,319,1354,4.24,19,20,24,57,199
181,Black Bullet,319,1310,4.11,17,19,41,78,164
182,Gargantia on the Verdurous Planet,317,1450,4.57,2,4,25,65,221
183,Twin Star Exorcists,317,1229,3.88,22,39,49,53,154
184,Moritasan wa Mukuchi,314,1415,4.51,7,8,22,59,218
185,The Asterisk War,312,1135,3.64,52,20,46,65,129
186,Recovery of a MMO Junkie,308,1453,4.72,2,3,9,52,242
187,Tsuritama,302,1432,4.74,2,3,7,47,243
188,Web Ghosts PiPoPa,301,1383,4.59,15,4,9,32,241
189,My Teen Romantic Comedy SNAFU,300,1394,4.65,4,4,15,48,229
190,Fate/stay night [Unlimited Blade Works],300,1354,4.51,11,9,19,37,224
191,Magi,298,1397,4.69,1,8,15,35,239
192,Classroom of the Elite,297,1327,4.47,10,14,16,44,213
193,TERRAFORMARS,296,980,3.31,74,30,36,42,114
194,Nisekoi,293,1253,4.28,12,14,31,60,176
195,Cat God,292,1286,4.4,5,10,27,70,180
196,Poyopoyo,291,1385,4.76,3,1,8,39,240
197,MONSTER MUSUME EVERYDAY LIFE WITH MONSTER GIRLS,289,1268,4.39,17,9,18,46,199
198,Ramen Fighter Miki,277,1273,4.6,7,1,17,47,205
199,World Trigger,268,1170,4.37,7,18,25,38,180
200,Wise Man's Grandchild,267,975,3.65,39,38,30,30,130
201,Bungo Stray Dogs,265,1226,4.63,3,8,16,31,207
202,Nagi no Asukara (Nagi-Asu: A Lull in the Sea),259,1222,4.72,3,2,12,31,211
203,Kokoro Connect,259,1158,4.47,7,5,22,50,175
204,GAMERS!,259,991,3.83,18,33,42,49,117
205,Monthly Girls' Nozaki-kun,258,1238,4.8,0,6,6,22,224
206,Captain Harlock,255,1175,4.61,11,3,5,37,199
207,Beyond the Boundary,255,1109,4.35,7,9,26,59,154
208,Orange,253,1151,4.55,7,6,14,40,186
209,Yonna in the Solitary Fortress,245,939,3.83,27,11,50,45,112
210,AMNESIA,244,854,3.5,25,42,49,42,86
211,Chance Pop Session,243,1140,4.69,4,2,10,33,194
212,Akashic Records of Bastard Magic Instructor,243,997,4.1,12,13,35,61,122
213,MEGALOBOX,242,1160,4.79,3,2,8,16,213
214,The Melody of Oblivion,241,1020,4.23,17,8,20,53,143
215,STRIKE THE BLOOD,241,943,3.91,13,23,46,49,110
216,Canvas 2: Niji Iro no Sketch,235,1077,4.58,8,1,10,43,173
217,A Place Further Than the Universe,234,1146,4.9,2,1,1,11,219
218,King's Game,233,476,2.04,133,33,18,22,27
219,Keijo!!!!!!!!,231,938,4.06,26,11,20,40,134
220,Polar Bear Cafe,228,1053,4.62,3,6,12,33,174
221,Mobile Suit GUNDAM Iron Blooded Orphans,228,1042,4.57,6,10,8,28,176
222,Upotte!!,228,945,4.14,17,8,28,47,128
223,Blast of Tempest,226,1013,4.48,2,10,17,45,152
224,Yamada-kun and the Seven Witches,222,1045,4.71,0,4,10,33,175
225,Lady Death,222,840,3.78,23,17,34,59,89
226,"WATAMOTE ~No Matter How I Look at It, It’s You Guys Fault I’m Not Popular!~",220,972,4.42,8,11,10,43,148
227,KIZNAIVER,219,913,4.17,9,16,22,54,118
228,Kite Liberator,217,945,4.35,15,2,15,44,141
229,The Master of Ragnarok & Blesser of Einherjar,217,500,2.3,99,36,30,21,31
230,Love Live!,216,1002,4.64,3,3,13,31,166
231,Tono to Issho,213,906,4.25,17,5,15,46,130
232,Domestic Girlfriend,211,929,4.4,11,6,20,24,150
233,Record of Grancrest War,211,757,3.59,21,36,34,38,82
234,JUNI TAISEN: ZODIAC WAR,208,684,3.29,29,44,35,38,62
235,Love Stage!!,207,978,4.72,4,3,3,26,171
236,KAGUYA-SAMA: LOVE IS WAR,204,986,4.83,2,2,3,14,183
237,Leiji Matsumoto's OZMA,203,826,4.07,9,11,28,64,91
238,Medaka Box,200,911,4.56,2,7,12,36,143
239,TRINITY SEVEN,199,845,4.25,9,10,22,40,118
240,Fire Force,199,831,4.18,19,13,17,15,135
241,Eromanga Sensei,197,746,3.79,33,12,16,39,97
242,Himouto! Umaru-chan,196,890,4.54,5,6,12,28,145
243,Ace of the Diamond,195,902,4.63,3,7,8,24,153
244,School-Live!,195,882,4.52,4,6,13,33,139
245,BTOOOM!,191,839,4.39,6,4,16,48,117
246,High School Prodigies Have It Easy Even In Another World,189,597,3.16,53,19,24,31,62
247,Digimon Adventure tri.,188,812,4.32,10,13,13,23,129
248,Kimi ni Todoke - From Me To You,187,863,4.61,3,6,10,22,146
249,Tsukigakirei,186,896,4.82,1,1,2,23,159
250,Masamune-kun's Revenge,186,671,3.61,19,26,35,35,71
251,Do You Love Your Mom and Her Two-Hit Multi-Target Attacks?,186,529,2.84,70,20,21,19,56
252,Kotoura-san,182,834,4.58,1,5,13,31,132
253,Sword Art Online Alternative: Gun Gale Online,182,678,3.73,26,13,25,39,79
254,ZOMBIE LAND SAGA,181,815,4.5,6,8,6,30,131
255,I Can't Understand What My Husband Is Saying,180,837,4.65,2,1,8,36,133
256,My Mental Choices are Completely Interfering with my School Romantic Comedy,179,782,4.37,3,6,19,45,106
257,Total Eclipse,179,658,3.68,22,24,23,31,79
258,ASSASSINS PRIDE,179,568,3.17,43,22,30,29,55
259,Os Cavaleiros do Zodíaco - Ômega,177,716,4.05,16,10,23,29,99
260,Hundred,177,540,3.05,48,26,25,25,53
261,My First Girlfriend is a Gal,175,598,3.42,33,16,22,53,51
262,Laid-Back Camp,174,843,4.84,2,1,4,8,159
263,NEW GAME!,174,783,4.5,2,7,9,40,116
264,Restaurant to Another World,174,781,4.49,7,6,10,23,128
265,Cells at Work!,172,819,4.76,2,2,4,19,145
266,Knight’s & Magic,172,682,3.97,7,15,32,41,77
267,Cowboy Bebop,171,843,4.93,0,0,4,4,163
268,The World is Still Beautiful,171,795,4.65,3,4,9,18,137
269,Wolf Girl and Black Prince,170,671,3.95,12,22,12,41,83
270,Run with the Wind,168,831,4.95,0,0,1,7,160
271,Angels of Death,167,650,3.89,17,16,21,27,86
272,Mushishi,166,810,4.88,1,1,0,13,151
273,Uta no Prince Sama,166,734,4.42,2,11,16,23,114
274,"Problem Children are Coming from Another World, aren't they?",165,759,4.6,1,3,15,23,123
275,Alderamin on the Sky,165,749,4.54,3,4,10,32,116
276,Arpeggio of Blue Steel,165,733,4.44,1,7,17,33,107
277,Blue Spring Ride,164,766,4.67,2,2,11,18,131
278,91 Days,163,770,4.72,0,1,12,18,132
279,RADIANT,162,610,3.77,19,15,24,31,73
280,Magical Warfare,162,441,2.72,46,35,28,24,29
281,Fruits Basket,161,790,4.91,0,0,3,9,149
282,Phantom Thief Reinya,161,715,4.44,8,3,9,31,110
283,The Fruit of Grisaia,161,710,4.41,3,7,15,32,104
284,GOD EATER,161,644,4.0,14,13,15,36,83
285,Welcome to Demon School! Iruma-kun,158,757,4.79,2,1,6,10,139
286,Kamigami no Asobi,158,689,4.36,5,8,17,23,105
287,The Quintessential Quintuplets,157,716,4.56,1,6,8,31,111
288,GIRLS und PANZER,157,707,4.5,5,4,5,36,107
289,Maoyu,157,683,4.35,2,7,14,45,89
290,WorldEnd: What do you do at the end of the world? Are you busy? Will you save us,156,724,4.64,2,4,7,22,121
291,GLASSLIP,155,439,2.83,29,48,28,20,30
292,Rozen Maiden Zurückspulen,155,257,1.66,121,6,5,6,17
293,Witch Craft Works,153,662,4.33,3,7,18,34,91
294,Flowers of Evil,151,640,4.24,14,4,8,31,94
295,given,149,723,4.85,2,1,2,7,137
296,KARAKAI JOZU NO TAKAGI-SAN,149,718,4.82,1,1,0,20,127
297,Interviews with Monster Girls,149,695,4.66,1,1,8,27,112
298,Sunday Without God,148,657,4.44,2,5,17,26,98
299,The Lost Village,148,458,3.09,23,27,33,43,22
300,Taboo Tattoo,148,331,2.24,62,35,22,12,17
301,March comes in like a lion,146,700,4.79,2,4,1,8,131
302,HINAMATSURI,146,700,4.79,1,3,3,11,128
303,Haven’t You Heard? I’m Sakamoto,145,663,4.57,3,4,7,24,107
304,The Ambition of Oda Nobuna,145,661,4.56,3,2,9,28,103
305,BLEND-S,144,652,4.53,1,2,18,22,101
306,Didn't I say to make my abilities average in the next life,144,548,3.81,13,17,17,35,62
307,Tonari no Seki-kun: The Master of Killing Time,143,672,4.7,1,0,7,25,110
308,Magical Girl Raising Project,143,515,3.6,20,14,21,36,52
309,MEKAKUCITY ACTORS,142,578,4.07,5,13,19,35,70
310,ORESUKI Are you the only one who loves me?,141,660,4.68,3,2,6,15,115
311,Sound! Euphonium,141,655,4.65,2,1,5,29,104
312,Ushio and Tora,141,644,4.57,1,3,13,22,102
313,Flying Witch,139,652,4.69,2,3,4,18,112
314,Campione!,139,607,4.37,5,6,16,18,94
315,Brynhildr in the Darkness,139,544,3.91,5,19,19,36,60
316,Blade and Soul,138,417,3.02,24,32,29,23,30
317,Silver Spoon,136,668,4.91,0,0,1,10,125
318,You and Me 2,136,643,4.73,4,2,3,9,118
319,Kino no Tabi -the Beautiful World- the Animated Series,136,617,4.54,3,5,7,22,99
320,Bakemonogatari,135,599,4.44,8,2,9,20,96
321,DRAMAtical Murder,135,538,3.99,8,10,20,35,62
322,Ace Attorney,134,506,3.78,20,12,12,24,66
323,Yowamushi Pedal,133,637,4.79,1,1,1,19,111
324,Biyou Shounen Celebrity,133,634,4.77,3,0,5,9,116
325,"If It's for My Daughter, I'd Even Defeat a Demon Lord",133,536,4.03,18,6,8,23,78
326,Tsuredure Children,132,609,4.61,1,2,4,33,92
327,Fuuka,132,449,3.4,21,22,21,19,49
328,Phi Brain,131,581,4.44,4,5,11,21,90
329,One-Punch Man,127,536,4.22,9,9,9,18,82
330,World Break: Aria of Curse for a Holy Swordsman,125,438,3.5,15,18,25,23,44
331,Non Non Biyori,124,592,4.77,1,1,4,13,105
332,"Kiss Him, Not Me",123,551,4.48,3,4,7,26,83
333,A Sister's All You Need.,122,526,4.31,10,2,5,28,77
334,PUNCH LINE,122,520,4.26,7,5,11,25,74
335,Sengoku Collection (Parallel World Samurai),122,514,4.21,2,6,20,30,64
336,SHELTER,121,585,4.83,3,0,1,6,111
337,sweetness & lightning,121,569,4.7,2,1,3,19,96
338,Peeping Life,121,480,3.97,14,8,7,31,61
339,Asobi Asobase - workshop of fun -,120,577,4.81,3,1,1,6,109
340,Myriad Colors Phantom World,120,466,3.88,7,12,18,34,49
341,Ascendance of a Bookworm,119,561,4.71,2,3,4,9,101
342,Saekano -How to Raise a Boring Girlfriend-,119,513,4.31,3,7,8,33,68
343,Tanaka-kun is Always Listless,118,558,4.73,0,4,1,18,95
344,How to Keep a Mummy,117,558,4.77,0,3,3,12,99
345,Love Tyrant,117,449,3.84,11,11,17,25,53
346,Drifters,115,530,4.61,4,3,4,12,92
347,SHIROBAKO,111,538,4.85,0,0,2,13,96
348,Digimon Xros Wars - The Young Hunters Who Leapt Through Time,111,515,4.64,1,4,5,14,87
349,Izetta: The Last Witch,111,447,4.03,3,7,23,29,49
350,La storia della Arcana Famiglia,110,364,3.31,20,17,22,11,40
351,My Roommate is a Cat,109,522,4.79,0,1,3,14,91
352,Magical Play,109,473,4.34,7,2,6,26,68
353,White Album 2,109,469,4.3,4,5,11,23,66
354,GA Geijutsuka Art Design Class,108,496,4.59,3,1,6,17,81
355,Beautiful Bones -Sakurako's Investigation-,108,492,4.56,0,1,9,27,71
356,Pop Team Epic,108,423,3.92,20,4,6,13,65
357,"Love, Chunibyo & Other Delusions",107,517,4.83,0,0,0,18,89
358,AHO-GIRL,107,454,4.24,6,6,9,21,65
359,Spiritpact,107,401,3.75,20,6,10,16,55
360,Showa Genroku Rakugo Shinju,106,520,4.91,0,0,2,6,98
361,HENNEKO – The Hentai Prince and the Stony Cat -,106,486,4.58,1,3,7,17,78
362,Noblesse: Awakening,105,486,4.63,1,5,4,12,83
363,Cute High Earth Defense Club LOVE!,105,457,4.35,3,5,8,25,64
364,Twin Angel: Twinkle Paradise,105,415,3.95,12,6,14,16,57
365,Samurai Flamenco,105,400,3.81,12,10,13,21,49
366,KADO: The Right Answer,104,400,3.85,7,15,14,19,49
367,Hakkenden: Eight Dogs of the East,103,478,4.64,2,1,6,14,80
368,Sherlock Hound,103,470,4.56,3,2,4,19,75
369,Chaika –The Coffin Princess-,103,442,4.29,1,3,14,32,53
370,Ixion Saga DT,103,388,3.77,20,5,8,16,54
371,A Certain Magical Index,103,366,3.55,12,13,16,30,32
372,Rozen Maiden,102,504,4.94,0,0,3,0,99
373,Kakuriyo -Bed & Breakfast for Spirits-,102,495,4.85,0,0,3,9,90
374,Infinite Stratos,102,359,3.52,11,20,14,19,38
375,BIG ORDER,102,248,2.43,41,14,23,10,14
376,NANBAKA,101,448,4.44,4,4,5,19,69
377,Gabriel DropOut,101,436,4.32,3,5,12,18,63
378,Natsuyuki Rendezvous,101,404,4.0,4,5,21,28,43
379,Rurouni Kenshin,100,480,4.8,0,0,6,8,86
380,Anti-Magic Academy: The 35th Test Platoon,100,352,3.52,5,21,20,25,29
381,Gatchaman Crowds,99,411,4.15,5,7,13,17,57
382,Schwarzes Marken,99,394,3.98,6,6,14,31,42
383,Bladedance of Elementalers,99,359,3.63,17,9,10,21,42
384,Saki Episode of Side A,98,439,4.48,1,3,10,18,66
385,Valerian and Laureline,98,437,4.46,4,0,8,21,65
386,Fox Spirit Matchmaker,98,370,3.78,18,6,4,22,48
387,Hand Shakers,98,272,2.78,37,12,10,14,25
388,Case Closed,97,477,4.92,0,0,0,8,89
389,Oreshura,97,412,4.25,2,6,11,25,53
390,Conception,97,225,2.32,51,12,6,8,20
391,Thunderbolt Fantasy,95,445,4.68,4,0,1,12,78
392,Yamishibai,95,416,4.38,2,4,4,31,54
393,gen:LOCK,95,380,4.0,7,8,11,21,48
394,Folktales from Japan,94,448,4.77,1,0,2,14,77
395,DAKAICHI -I'm being harassed by the sexiest man of the year-,94,404,4.3,12,3,2,5,72
396,Bloodivores,94,227,2.41,42,11,13,16,12
397,Humanity Has Declined,93,412,4.43,3,3,4,24,59
398,Hamatora,93,388,4.17,2,7,15,18,51
399,The Silver Guardian,93,270,2.9,28,19,10,6,30
400,Go Lion,92,428,4.65,1,1,4,17,69
401,Tari Tari,91,433,4.76,0,0,2,18,71
402,Dog & Scissors,91,358,3.93,7,8,14,17,45
403,GTO - The Animation,90,442,4.91,1,0,1,2,86
404,Dog Days,90,387,4.3,6,4,7,13,60
405,Death Note (Drama),90,379,4.21,7,2,5,27,49
406,Ulysses: Jeanne d'Arc and the Alchemist Knight,90,190,2.11,46,19,8,3,14
407,Mr. Osomatsu,89,419,4.71,3,2,1,6,77
408,One Week Friends,89,416,4.67,1,0,6,13,69
409,"Love, Chunibyo & Other Delusions - Heart Throb -",89,404,4.54,1,2,9,13,64
410,When Supernatural Battles Became Commonplace,89,370,4.16,6,1,15,18,49
411,PERSONA5 the Animation,89,351,3.94,7,8,12,18,44
412,FLIP FLAPPERS,88,417,4.74,1,1,3,10,73
413,Keep Your Hands Off Eizouken!,88,413,4.69,2,3,3,4,76
414,We Never Learn: BOKUBEN,87,397,4.56,0,0,12,14,61
415,Interlude,87,362,4.16,3,5,11,24,44
416,Love is Like a Cocktail,87,358,4.11,4,3,10,32,38
417,Fate/kaleid liner PRISMA ILLYA,87,356,4.09,10,4,6,15,52
418,Majestic Prince,87,354,4.07,5,6,11,21,44
419,Hitori No Shita - The Outcast,87,340,3.91,9,6,12,17,43
420,School Babysitters,86,413,4.8,1,1,2,6,76
421,Aoharu x Machinegun,86,383,4.45,2,3,8,14,59
422,Orenchi no Furo Jijo,86,374,4.35,1,5,6,25,49
423,The Kawai Complex Guide to Manors and Hostel Behavior,85,390,4.59,2,1,5,14,63
424,In/Spectre,85,327,3.85,4,15,11,15,40
425,BLACKFOX,85,322,3.79,6,10,15,19,35
426,Naked Wolves,85,221,2.6,44,2,9,4,26
427,Barakamon,84,407,4.85,0,0,1,11,72
428,Nobunaga Concerto,84,402,4.79,1,1,1,9,72
429,PandoraHearts,84,378,4.5,1,1,8,19,55
430,Blood Blockade Battlefront,83,383,4.61,2,3,3,9,66
431,Is the Order a Rabbit?,82,388,4.73,0,0,4,14,64
432,Golden Kamuy,82,384,4.68,2,0,3,12,65
433,Os Cavaleiros do Zodíaco - Saintia Sho,82,310,3.78,16,1,11,11,43
434,Servant x Service,81,381,4.7,0,1,4,13,63
435,Hakata Tonkotsu Ramens,81,379,4.68,1,0,3,16,61
436,Steins;Gate 0,81,375,4.63,3,3,4,1,70
437,Kyousougiga,80,382,4.78,0,1,3,9,67
438,Magical Sempai,80,340,4.25,7,2,6,14,51
439,"Actually, I Am",80,336,4.2,3,4,10,20,43
440,AKB0048,78,365,4.68,2,1,4,6,65
441,Senyu.,78,339,4.35,4,2,6,17,49
442,Jingai-san no Yome,78,268,3.44,12,16,9,8,33
443,Cardcaptor Sakura,77,367,4.77,1,1,2,7,66
444,Sarazanmai,77,342,4.44,6,2,3,7,59
445,Outbreak Company,77,340,4.42,0,5,6,18,48
446,Little Busters!,77,338,4.39,4,4,2,15,52
447,GRANBLUE FANTASY: The Animation,77,296,3.84,5,6,17,17,32
448,She and Her Cat -Everything Flows-,76,355,4.67,1,1,4,10,60
449,Sakura Trick,76,340,4.47,1,5,3,15,52
450,The Comic Artist and His Assistants,76,329,4.33,0,2,9,27,38
451,Elegant Yokai Apartment Life,76,314,4.13,3,5,11,17,40
452,SPACE PATROL LULUCO,75,345,4.6,0,1,4,19,51
453,Nobunaga the Fool,75,249,3.32,12,13,10,19,21
454,Broken Blade,74,340,4.59,0,3,6,9,56
455,The Royal Tutor,74,337,4.55,0,1,7,16,50
456,The Perfect Insider,74,287,3.88,6,7,8,22,31
457,The Helpful Fox Senko-san,73,352,4.82,1,1,1,4,66
458,Mischievous Kiss - Love in Tokyo,73,329,4.51,2,1,4,17,49
459,YUKI YUNA IS A HERO,73,320,4.38,1,3,11,10,48
460,ISLAND,73,253,3.47,12,9,14,9,29
461,A Centaur's Life,73,242,3.32,9,14,10,25,15
462,THE UNLIMITED Hyobu Kyosuke,72,341,4.74,0,0,4,11,57
463,Engaged to the Unidentified,72,315,4.38,0,4,8,17,43
464,"Why the hell are you here, Teacher!?",72,285,3.96,9,3,7,16,37
465,Vividred Operation,72,229,3.18,12,11,19,12,18
466,Hinomaru Sumo,71,335,4.72,1,4,1,2,63
467,Legend of the Galactic Heroes: Die Neue These,71,314,4.42,3,4,5,7,52
468,KanColle,71,284,4.0,5,5,11,14,36
469,World Conquest Zvezda Plot,70,295,4.21,1,6,7,19,37
470,DEVIL SURVIVOR 2 THE ANIMATION,70,267,3.81,4,8,14,15,29
471,Mushibugyo,69,311,4.51,0,3,5,15,46
472,Kemono Friends,69,300,4.35,4,4,4,9,48
473,ARGEVOLLEN,69,224,3.25,8,11,21,14,15
474,Dies irae,69,191,2.77,21,17,6,7,18
475,Hozuki's Coolheadedness,68,320,4.71,1,0,3,10,54
476,Kaiji,68,318,4.68,3,0,2,6,57
477,BONJOUR♪Sweet Love Patisserie,68,231,3.4,2,11,23,22,10
478,JOKER GAME,67,292,4.36,1,2,6,21,37
479,Netsuzou Trap -NTR-,67,204,3.04,23,5,7,10,22
480,EVIL OR LIVE,67,191,2.85,20,9,13,11,14
481,Cerberus,67,156,2.33,21,26,8,1,11
482,Bananya,66,301,4.56,3,2,2,7,52
483,Sin The Movie,66,257,3.89,7,4,9,15,31
484,Utawarerumono The False Faces,66,225,3.41,5,14,16,11,20
485,Cardcaptor Sakura: Clear Card,65,299,4.6,2,3,2,5,53
486,DENKI-GAI,65,294,4.52,2,1,2,16,44
487,Please tell me! Galko-chan,65,285,4.38,0,1,6,25,33
488,Nanana's Buried Treasure,65,280,4.31,0,5,7,16,37
489,OneRoom,65,178,2.74,19,12,13,9,12
490,Triage X,64,207,3.23,11,11,9,18,15
491,Sabagebu!,63,295,4.68,0,0,3,14,46
492,ACCA: 13-Territory Inspection Dept.,63,292,4.63,0,2,3,11,47
493,Amagi Brilliant Park,63,288,4.57,0,2,3,15,43
494,AOKANA: Four Rhythm Across the Blue,63,241,3.83,6,7,7,15,28
495,Persona4 the Golden ANIMATION,63,236,3.75,5,8,8,19,23
496,Chain Chronicle - The Light of Haecceitas -,63,213,3.38,12,7,10,13,21
497,Skull-face Bookseller Honda-san,62,286,4.61,0,1,5,11,45
498,Nobunagun,62,282,4.55,1,1,4,13,43
499,Occultic;Nine,62,228,3.68,7,9,9,9,28
500,Super Sonico - The Animation,62,208,3.35,12,8,10,10,22
501,Sakura Quest,61,281,4.61,0,2,5,8,46
502,Umamusume: Pretty Derby,61,275,4.51,1,1,4,15,40
503,Magical Girl Ore,61,265,4.34,1,4,6,12,38
504,HANEBADO!,61,237,3.89,3,7,10,15,26
505,Junji Ito Collection,61,222,3.64,8,4,12,15,22
506,Himegoto,61,219,3.59,10,3,12,13,23
507,Rail Wars!,61,214,3.51,9,7,10,14,21
508,Boogiepop and Others,60,253,4.22,4,8,3,1,44
509,Os Cavaleiros do Zodíaco - Alma de Ouro,60,251,4.18,4,5,3,12,36
510,To the Abandoned Sacred Beasts,60,207,3.45,8,5,12,22,13
511,The Morose Mononokean,59,260,4.41,0,2,6,17,34
512,Qualidea Code,59,206,3.49,7,8,12,13,19
513,makuranodanshi,59,194,3.29,7,12,12,13,15
514,Clockwork Planet,59,186,3.15,8,12,16,9,14
515,SENGOKU NIGHT BLOOD,59,171,2.9,19,6,8,14,12
516,Somali and the Forest Spirit,58,278,4.79,1,0,2,4,51
517,The Eccentric Family,58,271,4.67,0,3,1,8,46
518,Gugure! Kokkuri-san,58,264,4.55,0,2,3,14,39
519,Yu-Gi-Oh! VRAINS,58,242,4.17,9,1,3,3,42
520,Phantasy Star Online 2 The Animation,58,198,3.41,8,9,11,11,19
521,ISUCA,58,171,2.95,9,17,11,10,11
522,HaNaYaMaTa,57,261,4.58,1,0,4,12,40
523,MYSTERIA Friends,57,203,3.56,6,11,7,11,22
524,BBK/BRNK,57,178,3.12,9,15,8,10,15
525,Happy Boys,56,275,4.91,0,0,0,5,51
526,Monogatari S2,56,274,4.89,0,1,0,3,52
527,DAYS,56,242,4.32,2,1,8,11,34
528,Rewrite,56,197,3.52,7,7,9,16,17
529,Hitoribocchi no Marumaruseikatsu,55,262,4.76,0,1,2,6,46
530,Wakakozake,55,261,4.75,0,0,4,6,45
531,Love Lab,55,252,4.58,2,1,0,12,40
532,Yurumates3Dei,55,239,4.35,0,4,8,8,35
533,GJ CLUB,55,238,4.33,1,1,10,10,33
534,Classroom☆Crisis,55,236,4.29,1,3,7,12,32
535,Kenka Bancho Otome -Girl Beats Boys-,55,207,3.76,3,7,12,11,22
536,Wizard Barristers,55,182,3.31,5,10,16,11,13
537,The Price of Smiles,55,166,3.02,12,11,9,10,13
538,KONOHANA KITAN,54,246,4.56,1,3,2,7,41
539,Gingitsune: Messenger Fox of the Gods,54,243,4.5,2,0,2,15,35
540,Inferno Cop,54,237,4.39,2,3,5,6,38
541,The Highschool Life of a Fudanshi,54,200,3.7,3,6,13,14,18
542,Lance N' Masques,54,158,2.93,17,5,10,9,13
543,Alice & Zoroku,53,234,4.42,1,3,3,12,34
544,To Be Heroine,53,231,4.36,6,0,2,6,39
545,Captain Earth,53,181,3.42,5,10,11,12,15
546,Walkure Romanze,53,178,3.36,5,12,11,9,16
547,Poco's Udon World,52,249,4.79,0,0,2,7,43
548,ISEKAI QUARTET,52,239,4.6,1,2,3,5,41
549,Ao-chan Can't Study!,52,237,4.56,0,0,4,15,33
550,SSSS.GRIDMAN,52,218,4.19,2,4,7,8,31
551,The Ryuo's Work is Never Done!,52,195,3.75,8,3,5,14,22
552,"Diabolik Lovers II MORE,BLOOD",52,184,3.54,10,3,11,5,23
553,Arata the Legend,52,176,3.38,6,9,11,11,15
554,Comet Lucifer,52,149,2.87,7,18,12,5,10
555,Active Raid,52,141,2.71,16,9,5,18,4
556,Dai-Shogun - Great Revolution,52,120,2.31,21,9,11,7,4
557,WWW.Working!!,51,204,4.0,2,3,7,20,19
558,Are You Lost?,51,199,3.9,3,4,9,14,21
559,Kanojo ga Flag wo Oraretara (If Her Flag Breaks),51,175,3.43,4,8,14,12,13
560,Gakuen Handsome,50,225,4.5,5,0,2,1,42
561,Toriko,50,221,4.42,1,4,3,7,35
562,The Pilot's Love Song,50,214,4.28,1,3,5,13,28
563,Makai Ouji: Devils and Realist,50,204,4.08,2,2,11,10,25
564,As Miss Beelzebub Likes it.,50,198,3.96,4,3,11,5,27
565,Ms. Koizumi-san Loves Ramen Noodles,50,167,3.34,3,12,10,15,10
566,Kamisama Hajimemashita,49,240,4.9,0,0,1,3,45
567,Ghost Stories,49,233,4.76,0,1,2,5,41
568,Gourmet Girl Graffiti,49,221,4.51,0,1,6,9,33
569,INVADERS of the ROKUJYOMA!?,49,217,4.43,0,2,3,16,28
570,Kabaneri of the Iron Fortress,49,203,4.14,3,1,6,15,24
571,Tsugumomo,49,201,4.1,3,5,4,9,28
572,Break Ups,49,200,4.08,3,2,5,17,22
573,Japanese Anime Classic Collection,49,194,3.96,8,1,5,6,29
574,Galaxy High School,49,158,3.22,15,5,3,6,20
575,Mononoke,48,232,4.83,0,1,0,5,42
576,Tsurune,48,226,4.71,0,0,1,12,35
577,Ms. Vampire who lives in my neighborhood.,48,212,4.42,0,1,5,15,27
578,"Science Fell in Love, So I Tried to Prove it",48,208,4.33,4,2,3,4,35
579,Anime Crimes Division,48,201,4.19,9,0,0,3,36
580,Midnight occult civil servants,48,186,3.88,3,3,7,19,16
581,Unlimited Fafnir,48,161,3.35,5,6,16,9,12
582,Basilisk : The Ouka Ninja Scrolls,48,104,2.17,25,7,5,5,6
583,Ping Pong the Animation,47,233,4.96,0,0,1,0,46
584,Planet With,47,215,4.57,0,1,5,7,34
585,"Wake Up, Girls!",47,200,4.26,4,1,3,10,29
586,Isekai Izakaya: Japanese Food From Another World,47,198,4.21,2,3,7,6,29
587,High School Fleet,47,198,4.21,1,3,7,10,26
588,Holmes of Kyoto,47,194,4.13,1,5,5,12,24
589,Lord Marksman and Vanadis,47,192,4.09,3,3,6,10,25
590,RIN-NE,46,202,4.39,1,1,5,11,28
591,Ahiru no Sora,46,199,4.33,2,5,2,4,33
592,The Severing Crime Edge,46,195,4.24,0,2,9,11,24
593,Seton Academy: Join the Pack!,46,193,4.2,3,5,0,10,28
594,Magical Girl Spec-Ops Asuka,46,185,4.02,3,4,5,11,23
595,Lovely Muuuuuuuco!,46,185,4.02,7,2,0,11,26
596,UzaMaid!,46,176,3.83,5,5,4,11,21
597,Convenience Store Boy Friends,46,163,3.54,4,5,13,10,14
598,Tokyo Ghoul: re,46,142,3.09,13,7,5,5,16
599,Love Live! Sunshine!!,45,206,4.58,0,1,3,10,31
600,GARO -VANISHING LINE-,45,202,4.49,0,2,5,7,31
601,Yu-Gi-Oh!,45,191,4.24,3,2,4,8,28
602,18if,45,159,3.53,6,4,11,8,16
603,Anifile,45,132,2.93,21,0,1,7,16
604,Black Butler: Book of Circus,44,213,4.84,1,0,0,3,40
605,A Certain Scientific Railgun,44,205,4.66,2,0,2,3,37
606,AIURA,44,185,4.2,0,0,11,13,20
607,Comic Girls,44,184,4.18,1,4,6,8,25
608,Owarimonogatari,43,204,4.74,1,1,1,2,38
609,Symphogear,43,199,4.63,0,3,2,3,35
610,Ojisan and Marshmallow,43,193,4.49,0,1,4,11,27
611,Teekyu,43,184,4.28,2,3,3,8,27
612,Girly Air Force,43,170,3.95,3,4,6,9,21
613,IDOLiSH7,42,202,4.81,0,2,0,2,38
614,YUYUSHIKI,42,191,4.55,0,0,6,7,29
615,Kaede New Town,42,186,4.43,4,0,2,4,32
616,Full Metal Panic! Invisible Victory,42,185,4.4,4,0,2,5,31
617,A Certain Scientific Accelerator,42,173,4.12,2,4,3,11,22
618,This Art Club Has a Problem!,42,172,4.1,0,5,6,11,20
619,gdgd Fairies,42,170,4.05,7,1,2,5,27
620,Onee-chan ga Kita,42,165,3.93,3,3,5,14,17
621,The Reflection,42,141,3.36,6,9,4,10,13
622,The Garden of Sinners,41,189,4.61,2,0,2,4,33
623,Chitose Get You!,41,174,4.24,3,2,1,11,24
624,Katana Maidens ~ Toji No Miko,41,165,4.02,0,5,7,11,18
625,Miss Monochrome - The Animation,41,159,3.88,2,5,5,13,16
626,Ai-Mai-Mi,41,145,3.54,6,7,5,5,18
627,Ange Vierge,41,108,2.63,17,6,4,3,11
628,Akagi,40,187,4.68,1,0,2,5,32
629,KINMOZA!,40,180,4.5,1,1,4,5,29
630,Cuticle Detective Inaba,40,174,4.35,3,2,2,4,29
631,I've Always Liked You,40,169,4.22,1,4,3,9,23
632,Photo Kano,40,122,3.05,5,11,9,7,8
633,Chivalry of a Failed Knight,39,187,4.79,1,0,0,4,34
634,Magic Kaito 1412,39,181,4.64,1,0,3,4,31
635,This Boy is a Professional Wizard,39,173,4.44,0,0,5,12,22
636,My Sweet Tyrant,39,160,4.1,3,2,4,9,21
637,YU-NO: A Girl Who Chants Love at the Bound of This World,39,150,3.85,4,3,8,4,20
638,ALL OUT!!,38,186,4.89,0,0,1,2,35
639,TO BE HERO,38,172,4.53,1,0,2,10,25
640,Our love has always been 10 centimeters apart.,38,171,4.5,0,1,3,10,24
641,Hayate the Combat Butler!,38,163,4.29,1,2,3,11,21
642,Clean Freak! Aoyama kun,38,136,3.58,5,4,8,6,15
643,"RErideD - Derrida, who leaps through time",38,113,2.97,4,8,14,9,3
644,Natsume Yuujinchou 6,37,184,4.97,0,0,0,1,36
645,MOBILE SUIT GUNDAM 00,37,174,4.7,0,0,3,5,29
646,WATATEN!: an Angel Flew Down to Me,37,170,4.59,0,1,3,6,27
647,Sanrio Boys,37,163,4.41,0,2,5,6,24
648,Magimoji Rurumo,37,161,4.35,2,0,3,10,22
649,Hakuoki Reimeiroku,37,160,4.32,2,0,5,7,23
650,Day Break Illusion,37,154,4.16,3,1,4,8,21
651,Celestial Method,37,152,4.11,2,3,3,10,19
652,Yuuna and the Haunted Hot Springs,37,144,3.89,3,2,7,9,16
653,Katsugeki TOUKEN RANBU,37,141,3.81,3,8,3,2,21
654,Room Mate,37,94,2.54,13,6,9,3,6
655,Today's Menu for the Emiya Family,36,174,4.83,0,0,0,6,30
656,Angolmois: Record of Mongol Invasion,36,166,4.61,0,1,2,7,26
657,GeGeGe no Kitaro,36,160,4.44,2,2,0,6,26
658,Fastest Finger First,36,140,3.89,1,9,3,3,20
659,MEGANEBU!,36,131,3.64,2,7,6,8,13
660,Komori-san Can't Decline!,36,120,3.33,3,4,14,8,7
661,Joshi Kausei,36,117,3.25,6,5,7,10,8
662,Darwin's Game,35,170,4.86,0,0,1,3,31
663,Chio's School Road,35,168,4.8,0,0,2,3,30
664,Date A Live,35,155,4.43,1,2,3,4,25
665,Amanchu!,35,153,4.37,1,1,4,7,22
666,Fan Service,35,146,4.17,6,1,1,0,27
667,Holy Knight,35,90,2.57,15,6,2,3,9
668,Time Taxi,34,165,4.85,0,0,0,5,29
669,GTO,34,157,4.62,1,1,1,4,27
670,Nyanko Days,34,149,4.38,1,1,4,6,22
671,"How clumsy you are, Miss Ueno.",34,148,4.35,0,2,3,10,19
672,Hakuoki Season 1,34,142,4.18,1,2,4,10,17
673,Anne-Happy,34,140,4.12,0,4,3,12,15
674,GRANBELM,34,134,3.94,4,2,3,8,17
675,Garakowa -Restore the World-,34,130,3.82,0,5,8,9,12
676,MOBILE SUIT GUNDAM UNICORN RE:0096,34,123,3.62,5,3,5,8,13
677,Trickster,34,111,3.26,4,8,6,7,9
678,Star Blazers: Space Battleship Yamato,33,155,4.7,1,0,1,4,27
679,Utakoi,33,153,4.64,1,0,1,6,25
680,Nobunaga Concerto (Drama),33,152,4.61,0,2,2,3,26
681,Lord El-Melloi II's Case Files {Rail Zeppelin} Grace note,33,151,4.58,1,0,1,8,23
682,Harukana Receive,33,146,4.42,0,1,5,6,21
683,DOUBLE DECKER! DOUG & KIRILL,33,142,4.3,0,2,3,11,17
684,Fafner Exodus,33,138,4.18,4,1,1,6,21
685,Children of Ether,33,136,4.12,2,2,3,9,17
686,Fate/Grand Order ‐First Order‐,33,117,3.55,5,2,5,12,9
687,URAHARA,33,112,3.39,6,4,4,9,10
688,Sparrow's Hotel,33,105,3.18,8,3,4,11,7
689,Dances with the Dragons,33,89,2.7,9,6,6,10,2
690,BROTHERHOOD FINAL FANTASY XV,32,156,4.88,0,0,1,2,29
691,Young Black Jack,32,140,4.38,1,1,1,11,18
692,Meiji Tokyo Renka,32,136,4.25,2,1,2,9,18
693,Galilei Donna,32,109,3.41,1,6,11,7,7
694,Momo Kyun Sword,32,106,3.31,5,4,6,10,7
695,Love To-LIE-Angle,32,106,3.31,5,3,9,7,8
696,CHRONOS RULER,32,103,3.22,6,5,5,8,8
697,Yotsuiro Biyori,31,152,4.9,0,0,0,3,28
698,The Familiar of Zero,31,143,4.61,0,1,1,7,22
699,Fushigi Yugi,31,136,4.39,2,0,3,5,21
700,Comical Psychosomatic Medicine,31,126,4.06,1,1,5,12,12
701,Brave Witches,31,125,4.03,2,1,5,9,14
702,Caligula,31,109,3.52,5,3,6,5,12
703,Frankenstein Family,31,88,2.84,7,8,7,1,8
704,Between the Sky and Sea,31,73,2.35,15,4,4,2,6
705,Natsume Yuujinchou 5,30,147,4.9,0,0,1,1,28
706,Eureka Seven,30,146,4.87,0,0,1,2,27
707,BanG Dream!,30,134,4.47,1,1,1,7,20
708,"Stella Women’s Academy, High School Division Class C3",30,127,4.23,0,1,6,8,15
709,Dagashi Kashi,30,126,4.2,1,2,1,12,14
710,Mobile Suit Gundam Seed,30,124,4.13,3,1,4,3,19
711,Akiba's Trip The Animation,30,121,4.03,3,1,2,10,14
712,Mobile Suit Gundam Wing,30,117,3.9,1,4,5,7,13
713,Danchigai,30,117,3.9,0,4,8,5,13
714,Wish Upon the Pleiades,30,109,3.63,3,3,4,12,8
715,Strange+,30,105,3.5,5,4,3,7,11
716,Gunslinger Stratos THE ANIMATION,30,103,3.43,3,6,5,7,9
717,La corda d’oro -Blue Sky-,30,97,3.23,4,9,3,4,10
718,HAKYU HOSHIN ENGI,30,88,2.93,8,7,3,3,9
719,Try Knights,30,62,2.07,18,2,4,2,4
720,Muromi-san,29,136,4.69,0,1,1,4,23
721,SAIYUKI RELOAD BLAST,29,131,4.52,0,3,1,3,22
722,Zatch Bell!,29,129,4.45,1,1,2,5,20
723,Re:ZERO -Starting Life in Another World- SHORTS,29,122,4.21,3,1,1,6,18
724,Hinako Note,29,114,3.93,0,3,5,12,9
725,The File of Young Kindaichi Returns,29,113,3.9,1,2,7,8,11
726,Absolute Duo,29,105,3.62,3,3,5,9,9
727,Zettai Boei Leviatan,29,102,3.52,1,8,4,7,9
728,Fist of the Blue Sky: Regenesis,29,79,2.72,10,5,4,3,7
729,Monster Strike,29,75,2.59,13,3,2,5,6
730,Grimms Notes the Animation,29,72,2.48,12,3,7,2,5
731,Last Cinderella,28,137,4.89,0,0,0,3,25
732,Junjo Romantica,28,134,4.79,0,1,1,1,25
733,Yu-Gi-Oh! 5D's,28,132,4.71,0,0,1,6,21
734,Daily Lives of High School Boys,28,132,4.71,0,1,1,3,23
735,Little Nemo: Adventures in Slumberland,28,131,4.68,0,1,1,4,22
736,A Lull in the Sea (Nagi-Asu: Nagi no Asukara),28,128,4.57,1,0,3,2,22
737,Moyashimon,28,126,4.5,0,0,2,10,16
738,"Boku-no-imoutowa""Osaka-okan""",28,96,3.43,3,5,2,13,5
739,Seiren,28,95,3.39,1,6,9,5,7
740,Cheating Craft,28,84,3.0,4,9,5,3,7
741,Os Cavaleiros do Zodíaco,27,134,4.96,0,0,0,1,26
742,Mischievous Kiss 2 - Love in Okinawa,27,131,4.85,0,0,1,2,24
743,Wakakozake (Drama),27,127,4.7,1,0,0,4,22
744,Inugami-san to Nekoyama-san,27,117,4.33,0,1,3,9,14
745,ETOTAMA,27,104,3.85,3,2,5,3,14
746,True Cooking Master Boy,27,95,3.52,5,3,4,3,12
747,Xuan Yuan Sword Luminary,27,89,3.3,4,5,6,3,9
748,B-PROJECT,27,88,3.26,5,3,7,4,8
749,Fan Chronicles: Um Documentário Crunchyroll,27,37,1.37,24,0,1,0,2
750,Senryu Girl,26,124,4.77,0,0,0,6,20
751,Full Metal Panic!,26,124,4.77,0,0,1,4,21
752,Lovely Complex,26,123,4.73,0,0,2,3,21
753,Anohana: The Flower We Saw That Day (Drama),26,111,4.27,2,2,1,3,18
754,Anime de Training! Ex,26,98,3.77,3,1,8,1,13
755,CHAOS;CHILD,26,97,3.73,2,4,5,3,12
756,Code: Realize ~Guardian of Rebirth~,26,97,3.73,1,5,4,6,10
757,Phantom in the Twilight,26,93,3.58,1,4,7,7,7
758,Soul Buster,26,69,2.65,7,7,5,2,5
759,Arakawa Under the Bridge,25,119,4.76,0,0,2,2,21
760,Death Note,25,118,4.72,0,1,1,2,21
761,Locodol,25,110,4.4,0,1,1,10,13
762,Encouragement Of Climb,25,110,4.4,0,2,1,7,15
763,BAKUON!!,25,109,4.36,0,0,5,6,14
764,The Magnificent KOTOBUKI,25,99,3.96,3,0,2,10,10
765,Angel's 3Piece!,25,93,3.72,2,2,6,6,9
766,A Destructive God Sits Next to Me,25,88,3.52,5,2,4,3,11
767,R.O.D.,24,111,4.62,0,2,1,1,20
768,Scorching Ping Pong Girls,24,105,4.38,0,2,1,7,14
769,Yu-Gi-Oh! GX,24,103,4.29,3,0,1,3,17
770,Switch Girl!!,24,99,4.12,2,2,0,7,13
771,Future Diary: Another World,24,97,4.04,3,1,2,4,14
772,momokuri,24,97,4.04,0,3,4,6,11
773,The Laughing Salesman,24,92,3.83,4,1,2,5,12
774,Pan de Peace!,24,78,3.25,2,4,7,8,3
775,Straight Title Robot Anime,24,74,3.08,8,1,3,5,7
776,Antiquarian Bookshop Biblia's Case Files,23,114,4.96,0,0,0,1,22
777,Black Clover (Dublagens Internacionais),23,113,4.91,0,0,1,0,22
778,Yu-Gi-Oh! ARC-V,23,106,4.61,0,0,3,3,17
779,Liar Game,23,105,4.57,0,2,1,2,18
780,Yowamushi Pedal New Generation,23,103,4.48,1,1,1,3,17
781,Blade Runner Black Out 2022,23,103,4.48,2,0,0,4,17
782,Yakitate!! Japan,23,102,4.43,0,2,1,5,15
783,PERSONA5 the Animation -THE DAY BREAKERS-,23,98,4.26,1,2,1,5,14
784,Bokurano,23,96,4.17,2,2,1,3,15
785,Re-Kan!,23,96,4.17,0,2,4,5,12
786,The Moment You Fall in Love,23,94,4.09,2,2,1,5,13
787,Lychee Light Club,23,79,3.43,3,2,7,4,7
788,ARIA The ANIMATION,22,107,4.86,0,0,1,1,20
789,MAGICAL CIRCLE GURU-GURU,22,103,4.68,0,0,3,1,18
790,Ultraman Orb,22,103,4.68,1,0,0,3,18
791,Dororo Motion Magazine,22,102,4.64,1,0,0,4,17
792,Mr. TONEGAWA Middle Management Blues,22,101,4.59,0,1,1,4,16
793,Fate/Grand Order Absolute Demonic Front: Babylonia,22,92,4.18,3,1,0,3,15
794,Slow Start,22,91,4.14,0,3,2,6,11
795,Hell Girl: Fourth Twilight,22,87,3.95,2,3,3,0,14
796,Astro Boy Motion Magazine,22,82,3.73,4,0,5,2,11
797,Merc StoriA: The Apathetic Boy and the Girl in a Bottle,22,82,3.73,1,4,3,6,8
798,Fantasista Doll,22,80,3.64,2,4,4,2,10
799,Takamiya Nasuno Desu!,22,77,3.5,4,2,2,7,7
800,Aooni The Blue Monster,22,70,3.18,4,4,4,4,6
801,Maerchen Maedchen,22,68,3.09,5,3,5,3,6
802,JK-Meshi!,22,52,2.36,11,1,4,3,3
803,The Tatami Galaxy,21,104,4.95,0,0,0,1,20
804,Tonkatsu DJ Agetaro,21,97,4.62,0,0,2,4,15
805,Anime-Gataris,21,87,4.14,2,1,2,3,13
806,Riddle Story of Devil,21,86,4.1,1,1,2,8,9
807,Phoenix Motion Magazine,21,81,3.86,5,0,1,2,13
808,Gonna Be the Twin-Tail!!,21,76,3.62,3,3,1,6,8
809,Tokyo ESP,21,60,2.86,4,5,4,6,2
810,Lord of Vermilion: The Crimson King,21,54,2.57,6,6,3,3,3
811,The Twelve Kingdoms,20,97,4.85,0,0,1,1,18
812,Gurazeni: Money Pitch,20,95,4.75,0,0,1,3,16
813,Genshiken,20,90,4.5,0,1,1,5,13
814,Ooya-san wa Shishunki!,20,89,4.45,0,0,1,9,10
815,Girlish number,20,84,4.2,0,2,0,10,8
816,Future Card Buddyfight,20,84,4.2,2,0,2,4,12
817,Rowdy Sumo Wrestler Matsutaro,20,76,3.8,2,3,1,5,9
818,Sekko Boys,20,73,3.65,2,1,4,8,5
819,elDLIVE,20,67,3.35,5,2,3,1,9
820,Lostorage incited WIXOSS,20,66,3.3,2,6,2,4,6
821,Military!,20,64,3.2,5,3,3,1,8
822,Last Period: the journey to the end of the despair,20,63,3.15,5,3,2,4,6
823,Mahou Shoujo? Naria Girls,20,51,2.55,10,0,3,3,4
824,Schoolgirl Strikers,20,50,2.5,4,8,5,0,3
825,FOREST FAIRY FIVE,20,44,2.2,12,1,2,1,4
826,Hero,19,92,4.84,0,0,0,3,16
827,My Bride is a Mermaid,19,91,4.79,0,1,0,1,17
828,KAGEWANI,19,85,4.47,0,0,0,10,9
829,Gifu Dodo!! Kanetsugu and Keiji,19,80,4.21,0,3,2,2,12
830,VOICE OF FOX,19,78,4.11,0,2,4,3,10
831,Starlight Promises,19,78,4.11,1,0,2,9,7
832,DearS,19,69,3.63,1,3,4,5,6
833,Mahou Shoujo Nante Mouiidesukara,19,64,3.37,2,3,6,2,6
834,Hakone-chan,19,57,3.0,2,4,7,4,2
835,LUPIN THE 3rd PART4,18,88,4.89,0,0,0,2,16
836,Muhyo & Roji's Bureau of Supernatural Investigation,18,73,4.06,1,1,2,6,8
837,Magic-Kyun! Renaissance,18,72,4.0,1,1,5,1,10
838,Wakaba＊Girl,18,72,4.0,2,0,3,4,9
839,A Town Where You Live,18,71,3.94,1,2,3,3,9
840,Libra of Nil Admirari,18,71,3.94,0,2,3,7,6
841,Samurai Warriors,18,68,3.78,0,3,4,5,6
842,FLCL,18,66,3.67,1,3,4,3,7
843,Monster Hunter Stories Ride On,18,57,3.17,5,2,2,3,6
844,Fight League: Gear Gadget Generators,18,56,3.11,3,3,4,5,3
845,HIMOTE HOUSE: A share house of super psychic girls,18,48,2.67,8,0,2,6,2
846,The Irresponsible Galaxy Tylor,18,26,1.44,14,1,2,1,0
847,LUPIN THE 3rd PART 5,17,83,4.88,0,0,0,2,15
848,The Case Files of Jeweler Richard,17,81,4.76,0,0,1,2,14
849,Champion Joe 2,17,81,4.76,0,1,0,1,15
850,Please Teacher!,17,75,4.41,0,1,1,5,10
851,Samurai Jam-Bakumatsu Rock,17,73,4.29,0,1,3,3,10
852,Gangsta.,17,73,4.29,1,1,2,1,12
853,DD Fist of the North Star,17,72,4.24,2,0,0,5,10
854,Blue Submarine No. 6,17,59,3.47,3,1,3,5,5
855,Mangirl!,17,57,3.35,0,2,8,6,1
856,RWBY VOLUME 1-3: The Beginning,17,57,3.35,5,0,2,4,6
857,Majin Bone,17,56,3.29,3,2,5,1,6
858,Pikotaro no LULLABY LA LA BY,16,76,4.75,1,0,0,0,15
859,ENDRO!,16,76,4.75,0,0,2,0,14
860,MOBILE SUIT GUNDAM THE ORIGIN Advent of the Red Comet,16,75,4.69,0,0,1,3,12
861,MAJOR 2nd,16,74,4.62,0,0,1,4,11
862,Anima Yell!,16,74,4.62,0,0,0,6,10
863,Hi-sCool! Seha Girls,16,69,4.31,0,0,5,1,10
864,The Princess and the Pilot,16,68,4.25,0,1,2,5,8
865,Crunchycast,16,67,4.19,1,1,2,2,10
866,Z/X IGNITION,16,64,4.0,0,1,4,5,6
867,Yu-Gi-Oh! ZEXAL,16,64,4.0,2,1,2,1,10
868,Hackadoll THE ANIMATION,16,62,3.88,1,1,2,7,5
869,Gundam Build Divers,16,60,3.75,1,1,5,3,6
870,Onara Goro,16,57,3.56,1,4,2,3,6
871,VIRTUALSAN - LOOKING,16,50,3.12,4,3,1,3,5
872,Wagamama High Spec,16,42,2.62,3,4,5,4,0
873,Taisho Mebiusline Chicchaisan,16,33,2.06,8,2,3,3,0
874,Outlaw Star,15,71,4.73,0,1,0,1,13
875,Ninja Girl & Samurai Master,15,70,4.67,0,0,0,5,10
876,Tiger Mask W,15,70,4.67,0,0,0,5,10
877,JOKER,15,66,4.4,0,0,2,5,8
878,Donyatsu,15,65,4.33,1,1,0,3,10
879,Tribe Cool Crew,15,64,4.27,1,0,1,5,8
880,Kyo Kara Maoh,15,63,4.2,3,0,0,0,12
881,Cardfight!! Vanguard Asia Circuit (Season 2),15,62,4.13,2,1,1,0,11
882,AMAZING STRANGER,15,56,3.73,3,0,1,5,6
883,Fullmetal Alchemist: The Conqueror of Shamballa,15,54,3.6,3,1,1,4,6
884,Yatogame-chan Kansatsu Nikki,15,48,3.2,2,2,5,3,3
885,Mobile Suit Gundam Seed Destiny,15,45,3.0,3,3,4,1,4
886,Squishy! Black Clover,15,42,2.8,7,1,1,0,6
887,The Eccentric Family 2,14,69,4.93,0,0,0,1,13
888,Yurikuma Arashi,14,66,4.71,0,0,1,2,11
889,Traveling Daru,14,65,4.64,0,1,0,2,11
890,Mitchiri Neko,14,62,4.43,0,1,1,3,9
891,Asteroid in Love,14,61,4.36,1,0,1,3,9
892,Ultraman X,14,60,4.29,1,1,1,1,10
893,Cardfight!! Vanguard Link Joker (Season 3),14,60,4.29,1,1,1,1,10
894,The Dragon Dentist,14,59,4.21,1,1,1,2,9
895,Touken Ranbu - Hanamaru,14,56,4.0,0,3,2,1,8
896,Tesagure! Bukatsumono,14,54,3.86,2,0,2,4,6
897,Crossing Time,14,54,3.86,1,0,3,6,4
898,Peeping Life TV Season 1??,14,49,3.5,4,0,0,5,5
899,Nurse Witch KOMUGI R,14,48,3.43,2,0,6,2,4
900,Cardfight!! Vanguard G,14,48,3.43,3,1,3,1,6
901,You Don't Know Gunma Yet,14,44,3.14,4,1,0,7,2
902,OZMAFIA!!,14,42,3.0,3,3,2,3,3
903,HEYBOT!,14,40,2.86,4,3,2,1,4
904,Anime Academy,14,37,2.64,8,0,0,1,5
905,Library War,13,63,4.85,0,0,0,2,11
906,MIX,13,63,4.85,0,0,0,2,11
907,Crazy For Me,13,61,4.69,0,1,0,1,11
908,Space Battleship Tiramisu,13,60,4.62,0,0,2,1,10
909,Os Cavaleiros do Zodíaco - Saga de Hades,13,59,4.54,0,1,1,1,10
910,Tabimachi Lateshow,13,59,4.54,0,0,1,4,8
911,IRYU - Team Medical Dragon,13,59,4.54,0,0,0,6,7
912,Deltora Quest,13,58,4.46,1,0,0,3,9
913,Wooser's Hand-to-Mouth Life,13,49,3.77,0,2,4,2,5
914,Girl Friend BETA,13,48,3.69,0,2,3,5,3
915,World Fool News,13,47,3.62,1,2,2,4,4
916,Love Rice,13,45,3.46,1,3,3,1,5
917,Tenjho Tenge,13,35,2.69,4,3,0,5,1
918,Kaiba,12,60,5.0,0,0,0,0,12
919,BONO BONO,12,59,4.92,0,0,0,1,11
920,Hikaru no Go,12,58,4.83,0,0,0,2,10
921,MARGINAL #4 the Animation,12,54,4.5,0,1,0,3,8
922,Miss Bernard said.,12,53,4.42,0,0,2,3,7
923,Cinderella Nine,12,51,4.25,0,1,3,0,8
924,Gunbuster 2,12,51,4.25,0,2,1,1,8
925,Koro Sensei Quest!,12,51,4.25,1,0,2,1,8
926,Nyanbo!,12,49,4.08,0,1,1,6,4
927,Null & Peta,12,47,3.92,1,2,1,1,7
928,"Ceres, Celestial Legend",12,46,3.83,0,2,3,2,5
929,Sorcery in the Big City,12,45,3.75,0,3,2,2,5
930,DREAM FESTIVAL!,12,44,3.67,2,1,2,1,6
931,Tantei Team KZ Jiken Note,12,44,3.67,0,0,6,4,2
932,Butlers X Battlers,12,39,3.25,1,3,4,0,4
933,This Boy Suffers from Crystallization,12,38,3.17,1,3,4,1,3
934,Milpom,12,32,2.67,4,1,3,3,1
935,Urawa no Usagi-chan,12,31,2.58,4,2,2,3,1
936,BAKUMATSU,12,28,2.33,5,3,1,1,2
937,Dr. Coto's Clinic,11,55,5.0,0,0,0,0,11
938,Detective vs Detectives,11,55,5.0,0,0,0,0,11
939,Samurai Troopers,11,54,4.91,0,0,0,1,10
940,Gundam Build Fighters,11,54,4.91,0,0,0,1,10
941,Cromartie High School,11,52,4.73,0,0,1,1,9
942,Oda Cinnamon Nobunaga,11,51,4.64,0,0,2,0,9
943,Mobile Fighter G Gundam,11,49,4.45,0,0,2,2,7
944,Magia Record: Puella Magi Madoka Magica Side Story,11,49,4.45,0,1,1,1,8
945,Starmyu,11,48,4.36,1,0,0,3,7
946,ROOM CAMP,11,47,4.27,0,2,0,2,7
947,Akagi (Drama),11,47,4.27,0,2,0,2,7
948,KING OF PRISM -Shiny Seven Stars-,11,46,4.18,2,0,0,1,8
949,Robot Girls Z,11,46,4.18,1,0,2,1,7
950,Piacevole,11,45,4.09,0,0,1,8,2
951,Our Home's Fox Deity,11,45,4.09,0,0,2,6,3
952,ClassicaLoid,11,43,3.91,1,1,2,1,6
953,Magical Somera-chan,11,41,3.73,0,2,2,4,3
954,NINJA SLAYER FROM ANIMATION,11,40,3.64,3,0,0,3,5
955,DEMIAN,11,39,3.55,1,2,2,2,4
956,PES: Peace Eco Smile,11,33,3.0,3,2,1,2,3
957,TWOCAR,11,28,2.55,4,2,2,1,2
958,Wonder Momo,11,25,2.27,3,4,3,0,1
959,Call to Cosplay,11,22,2.0,6,1,2,2,0
960,A Talk on Titan,11,18,1.64,9,0,0,1,1
961,We Rent Tsukumogami,10,50,5.0,0,0,0,0,10
962,Why Did You Come to Japan?,10,50,5.0,0,0,0,0,10
963,Flame of Recca,10,50,5.0,0,0,0,0,10
964,Book Girl,10,49,4.9,0,0,0,1,9
965,Hard To Say I Love You,10,47,4.7,0,0,1,1,8
966,Princess Nine,10,46,4.6,0,1,0,1,8
967,Bludgeoning Angel Dokuro-chan,10,46,4.6,1,0,0,0,9
968,Full Metal Panic? Fumoffu,10,46,4.6,0,0,1,2,7
969,Jin Roh,10,45,4.5,0,1,0,2,7
970,Hina Logic - from Luck & Logic,10,43,4.3,0,0,2,3,5
971,Da Capo III,10,43,4.3,0,0,2,3,5
972,DRAGON COLLECTION,10,40,4.0,1,1,1,1,6
973,ANISAVA,10,40,4.0,1,0,1,4,4
974,Minami Kamakura High School Girls Cycling Club,10,40,4.0,1,0,1,4,4
975,Ebiten,10,36,3.6,2,0,2,2,4
976,Zombie Loan,10,35,3.5,0,1,4,4,1
977,A Taste of Honey,10,33,3.3,3,1,0,2,4
978,Inuyasha,9,45,5.0,0,0,0,0,9
979,Samurai Pizza Cats,9,44,4.89,0,0,0,1,8
980,Wild Mom,9,44,4.89,0,0,0,1,8
981,Galileo,9,43,4.78,0,0,0,2,7
982,Digimon Universe App Monsters,9,42,4.67,0,0,1,1,7
983,Always the Two of Us,9,40,4.44,0,0,1,3,5
984,Looking Up at the Half-Moon,9,40,4.44,1,0,0,1,7
985,Ordinary Miracles,9,39,4.33,1,0,1,0,7
986,Shonen Ashibe GO! GO! Goma-chan,9,39,4.33,0,0,2,2,5
987,Chrono Crusade,9,38,4.22,0,0,1,5,3
988,Shamanic Princess,9,33,3.67,0,2,2,2,3
989,Dimension High School,9,30,3.33,2,0,2,3,2
990,Million Arthur,9,27,3.0,1,4,1,0,3
991,Ikemen Sengoku: Bromances Across Time,8,40,5.0,0,0,0,0,8
992,Gakuen Alice,8,40,5.0,0,0,0,0,8
993,Ghostwriter,8,40,5.0,0,0,0,0,8
994,Martian Successor Nadesico,8,40,5.0,0,0,0,0,8
995,PriPri Chi-chan!!,8,40,5.0,0,0,0,0,8
996,Ultraman Geed,8,39,4.88,0,0,0,1,7
997,Angel Heart,8,39,4.88,0,0,0,1,7
998,Shin Atashinchi,8,39,4.88,0,0,0,1,7
999,Power Office Girls 2013,8,37,4.62,0,0,0,3,5
1000,You Taught Me All the Precious Things,8,36,4.5,0,0,1,2,5
1001,Kiitaro's yokai picture diary,8,34,4.25,1,0,0,2,5
1002,Working Buddies!,8,34,4.25,0,0,2,2,4
1003,"You're Being Summoned, Azazel",8,34,4.25,1,0,0,2,5
1004,KOWABON,8,34,4.25,0,0,2,2,4
1005,Mazinkaiser SKL,8,33,4.12,0,1,1,2,4
1006,Ai-Mai-Mi Mousou Catastrophe,8,31,3.88,1,0,1,3,3
1007,The Nameko Families,8,30,3.75,1,0,2,2,3
1008,THE [email protected] CINDERELLA GIRLS Theater,8,30,3.75,2,0,1,0,5
1009,GTO Taiwan,8,30,3.75,0,0,4,2,2
1010,TSUKIPRO THE ANIMATION,8,30,3.75,0,1,1,5,1
1011,Twin Angels BREAK,8,29,3.62,1,0,2,3,2
1012,FINAL FANTASY XV: EPISODE ARDYN – PROLOGUE,8,28,3.5,1,1,2,1,3
1013,Jubei-chan: The Ninja Girl,8,28,3.5,1,1,2,1,3
1014,BAKUMATSU GIJINDEN ROMAN,8,27,3.38,1,1,2,2,2
1015,Shiratori Reiko,8,27,3.38,1,1,2,2,2
1016,DNA^2,8,27,3.38,2,0,1,3,2
1017,Peacemaker,8,23,2.88,3,0,1,3,1
1018,Shining Tears X Wind,8,21,2.62,2,2,2,1,1
1019,Rainy Cocoa sideG,8,15,1.88,4,2,1,1,0
1020,Group Watch,7,35,5.0,0,0,0,0,7
1021,Desperate Motherhood,7,35,5.0,0,0,0,0,7
1022,Hikakin Beatbox,7,35,5.0,0,0,0,0,7
1023,Kimagure Orange Road,7,35,5.0,0,0,0,0,7
1024,Zapuni,7,34,4.86,0,0,0,1,6
1025,Gakuen Heaven,7,34,4.86,0,0,0,1,6
1026,Marmalade Boy,7,34,4.86,0,0,0,1,6
1027,Tsukimonogatari,7,34,4.86,0,0,0,1,6
1028,The Prince of Tennis II OVA vs Genius 10,7,33,4.71,0,0,1,0,6
1029,Mobile Suit Gundam Wing - Endless Waltz,7,33,4.71,0,0,1,0,6
1030,Honey and Clover,7,33,4.71,0,0,1,0,6
1031,Anonymous Noise,7,33,4.71,0,0,0,2,5
1032,Big Windup! 2,7,33,4.71,0,0,1,0,6
1033,KAIJU GIRLS,7,32,4.57,0,0,1,1,5
1034,Brave Beats,7,31,4.43,0,1,0,1,5
1035,Ghost Slayers Ayashi,7,31,4.43,0,0,0,4,3
1036,Karate Girl,7,31,4.43,0,0,1,2,4
1037,Nagasarete Airanto,7,30,4.29,1,0,0,1,5
1038,Thermae Romae,7,30,4.29,0,1,0,2,4
1039,Ai-Mai-Mi Surgical Friends,7,27,3.86,1,0,2,0,4
1040,Late night! The Genius Bakabon,7,27,3.86,1,0,1,2,3
1041,Earl and Fairy,7,26,3.71,1,0,2,1,3
1042,Cardfight!! Vanguard Legion Mate (Season 4),7,26,3.71,2,0,0,1,4
1043,Welcome to the JAPARI PARK,7,25,3.57,2,0,0,2,3
1044,Anime Recap,7,25,3.57,1,2,0,0,4
1045,Idol Incidents,7,24,3.43,0,2,1,3,1
1046,HEROBANK,7,22,3.14,2,1,1,0,3
1047,SD GUNDAM WORLD SANGOKU SOKETSUDEN,7,20,2.86,3,0,1,1,2
1048,Pastel Memories,7,19,2.71,2,2,1,0,2
1049,Million Doll,7,17,2.43,1,3,2,1,0
1050,Nazotokine,7,11,1.57,4,2,1,0,0
1051,Lupin the Third Part 2,6,30,5.0,0,0,0,0,6
1052,Emma: A Victorian Romance,6,28,4.67,0,0,1,0,5
1053,Ultraman Gaia,6,28,4.67,0,0,1,0,5
1054,True Tears,6,28,4.67,0,0,0,2,4
1055,Anisong Station,6,27,4.5,0,1,0,0,5
1056,Nekomonogatari Black,6,26,4.33,1,0,0,0,5
1057,Wacky TV Nanana,6,26,4.33,0,0,2,0,4
1058,SENGOKUCHOJYUGIGA,6,25,4.17,1,0,0,1,4
1059,Lupin the Third Part 1,6,25,4.17,1,0,0,1,4
1060,Please Twins!,6,25,4.17,0,0,1,3,2
1061,gdgd men's party,6,24,4.0,1,0,0,2,3
1062,Hana Yori Dango (Boys Over Flowers),6,24,4.0,0,1,1,1,3
1063,Usakame,6,23,3.83,0,2,0,1,3
1064,Music Girls,6,22,3.67,0,1,2,1,2
1065,Lost Universe,6,22,3.67,0,1,0,5,0
1066,Fist of the North Star: The Movie,6,22,3.67,2,0,0,0,4
1067,Ultraman Nexus,6,21,3.5,2,0,0,1,3
1068,Dallos,6,20,3.33,1,1,0,3,1
1069,El-Hazard: The Wanderers,6,19,3.17,1,1,2,0,2
1070,Ah My Buddha!!,6,18,3.0,0,2,2,2,0
1071,Street Fighter II: The Animated Series,6,17,2.83,1,2,1,1,1
1072,Chargeman Ken,6,15,2.5,3,1,0,0,2
1073,Rainy Cocoa,6,14,2.33,2,2,0,2,0
1074,Crane Game Girls,6,12,2.0,3,1,1,1,0
1075,"Welcome, Chitose",5,25,5.0,0,0,0,0,5
1076,Meow Meow Japanese History,5,25,5.0,0,0,0,0,5
1077,Accel World,5,25,5.0,0,0,0,0,5
1078,The Last - Naruto the Movie,5,25,5.0,0,0,0,0,5
1079,Inukami!,5,24,4.8,0,0,0,1,4
1080,Street Fighter II The Animated Movie,5,24,4.8,0,0,0,1,4
1081,Gokudo,5,24,4.8,0,0,0,1,4
1082,Sketchbook ~full color's~,5,24,4.8,0,0,0,1,4
1083,Girls Beyond the Wasteland,5,23,4.6,0,0,0,2,3
1084,Frame Arms Girl,5,23,4.6,0,0,0,2,3
1085,Matoi the Sacred Slayer,5,23,4.6,0,0,0,2,3
1086,Shingu: Secret of the Stellar Wars,5,23,4.6,0,0,1,0,4
1087,THE [email protected] CINDERELLA GIRLS,5,22,4.4,0,0,1,1,3
1088,The Third: The Girl with the Blue Eye,5,22,4.4,0,0,0,3,2
1089,Undefeated Bahamut Chronicle,5,22,4.4,0,0,0,3,2
1090,Hagane Orchestra,5,22,4.4,0,0,0,3,2
1091,Long Riders!,5,21,4.2,0,0,1,2,2
1092,Doctor's Affairs,5,21,4.2,0,0,1,2,2
1093,Unriddle,5,20,4.0,1,0,0,1,3
1094,Strike Witches: 501st JOINT FIGHTER WING Take Off!,5,20,4.0,1,0,0,1,3
1095,High School Entrance Exam,5,20,4.0,0,0,2,1,2
1096,The Golden Path,5,19,3.8,1,0,0,2,2
1097,Miss Machiko,5,19,3.8,1,0,1,0,3
1098,Lily C.A.T,5,18,3.6,1,0,1,1,2
1099,Key the Metal Idol,5,18,3.6,1,1,0,0,3
1100,Time Bokan 24,5,18,3.6,1,0,0,3,1
1101,The Journey Home,5,17,3.4,2,0,0,0,3
1102,Ultraman Ginga,5,17,3.4,1,0,2,0,2
1103,Fushigi Yugi: Eikoden,5,16,3.2,1,1,1,0,2
1104,NAMUAMIDABUTSU! -UTENA-,5,15,3.0,1,1,1,1,1
1105,Norn9,5,14,2.8,2,1,0,0,2
1106,The World YAMIZUKAN,5,13,2.6,1,1,2,1,0
1107,Pilot Candidate,5,11,2.2,2,1,1,1,0
1108,The Sprites of Floria,5,11,2.2,3,0,1,0,1
1109,Onimusha: Dawn of Dreams,5,8,1.6,3,1,1,0,0
1110,LiSA TV,4,20,5.0,0,0,0,0,4
1111,Fate/Grand Order -MOONLIGHT/LOSTROOM-,4,20,5.0,0,0,0,0,4
1112,Ghastly Prince Enma Burning Up,4,20,5.0,0,0,0,0,4
1113,Blue Seed,4,20,5.0,0,0,0,0,4
1114,Elemental Gelade,4,20,5.0,0,0,0,0,4
1115,Full Metal Panic! The Second Raid,4,20,5.0,0,0,0,0,4
1116,CARDFIGHT!! VANGUARD,4,20,5.0,0,0,0,0,4
1117,Super Gals!,4,20,5.0,0,0,0,0,4
1118,Tamayura Hitotose,4,19,4.75,0,0,0,1,3
1119,The Perfect Insider (Drama),4,19,4.75,0,0,0,1,3
1120,Gokuaku Ganbo,4,19,4.75,0,0,0,1,3
1121,Slam Dunk (Dub),4,19,4.75,0,0,0,1,3
1122,Uchitama?! Have you seen my Tama?,4,19,4.75,0,0,0,1,3
1123,Unico In the Island of Magic,4,18,4.5,0,0,1,0,3
1124,Sea Prince and the Fire Child,4,18,4.5,0,0,0,2,2
1125,A Wind Named Amnesia,4,18,4.5,0,0,0,2,2
1126,The Legend of Black Heaven,4,17,4.25,0,0,0,3,1
1127,Space Pirate Mito,4,17,4.25,0,0,1,1,2
1128,W'z,4,17,4.25,0,0,0,3,1
1129,The 101st Proposal,4,16,4.0,0,1,0,1,2
1130,Ninja Nonsense,4,16,4.0,0,0,0,4,0
1131,CLIF,4,15,3.75,1,0,0,1,2
1132,Onna Nobunaga,4,14,3.5,1,0,1,0,2
1133,Phoenix,4,14,3.5,1,0,1,0,2
1134,Photon the Idiot Adventures,4,14,3.5,1,0,1,0,2
1135,100% Teacher Pascal,4,13,3.25,1,0,1,1,1
1136,Crunchyroll Collection,4,12,3.0,2,0,0,0,2
1137,Princess Knight,4,12,3.0,1,1,0,1,1
1138,Koi Koi Seven,4,11,2.75,0,3,0,0,1
1139,EAT-MAN,4,11,2.75,0,3,0,0,1
1140,Shinobi Girl,4,4,1.0,4,0,0,0,0
1141,Mazinger Edition Z,3,15,5.0,0,0,0,0,3
1142,He Was Anime (NFL's Mike Daniels),3,15,5.0,0,0,0,0,3
1143,K,3,15,5.0,0,0,0,0,3
1144,Lupin the Third Part 3,3,14,4.67,0,0,0,1,2
1145,Forget Me Not,3,14,4.67,0,0,0,1,2
1146,Investor Z (Motion Manga),3,14,4.67,0,0,0,1,2
1147,Toward the Terra,3,14,4.67,0,0,0,1,2
1148,Hakata Mentai! Pirikarako-chan,3,14,4.67,0,0,0,1,2
1149,22/7 (nanabun no nijyuuni),3,14,4.67,0,0,0,1,2
1150,Giant Gorg,3,13,4.33,0,0,0,2,1
1151,Cat's Eye,3,12,4.0,0,1,0,0,2
1152,Fushigi Yugi OVA,3,12,4.0,0,0,1,1,1
1153,Fantastic Adventures of Unico,3,12,4.0,0,0,1,1,1
1154,Makeruna!! Aku no Gundan!,3,12,4.0,0,1,0,0,2
1155,ARP Backstage Pass,3,11,3.67,1,0,0,0,2
1156,The Galaxy Railways: A Letter from the Abandoned Planet,3,11,3.67,0,1,0,1,1
1157,Cardcaptor Sakura: The Movie,3,11,3.67,0,0,1,2,0
1158,Vampire Knight,3,11,3.67,0,1,0,1,1
1159,Accel World: Infinite Burst,3,10,3.33,0,0,2,1,0
1160,Super Robot Wars: Original Generation,3,10,3.33,0,1,0,2,0
1161,Fantastic Detective Labyrinth,3,9,3.0,0,1,1,1,0
1162,Days of Urashimasakatasen,3,9,3.0,1,0,1,0,1
1163,Umi Monogatari,3,9,3.0,0,1,1,1,0
1164,Aachi & Ssipak,3,9,3.0,1,0,0,2,0
1165,The Ultimatum,3,7,2.33,1,0,2,0,0
1166,Onyankopon,3,5,1.67,2,0,1,0,0
1167,Space Adventure Cobra,2,10,5.0,0,0,0,0,2
1168,SHONEN HOLLYWOOD -HOLLY STAGE FOR 49-,2,10,5.0,0,0,0,0,2
1169,Black Jack The Movie,2,10,5.0,0,0,0,0,2
1170,Battle Girl High School,2,10,5.0,0,0,0,0,2
1171,Tenchi Muyo! Ryo-Ohki,2,10,5.0,0,0,0,0,2
1172,Magic of Stella,2,10,5.0,0,0,0,0,2
1173,Banpresto World Figure Colosseum,2,10,5.0,0,0,0,0,2
1174,Beyblade: Metal Fusion,2,10,5.0,0,0,0,0,2
1175,Robot Carnival,2,10,5.0,0,0,0,0,2
1176,Cardcaptor Sakura the Movie 2: The Sealed Card,2,10,5.0,0,0,0,0,2
1177,Night on the Galactic Railroad,2,9,4.5,0,0,0,1,1
1178,The Diary of Ochibi (Motion Manga),2,9,4.5,0,0,0,1,1
1179,Strait Jacket,2,9,4.5,0,0,0,1,1
1180,Luck & Logic,2,9,4.5,0,0,0,1,1
1181,Happy Life,2,9,4.5,0,0,0,1,1
1182,The Wonderful Wizard of Oz,2,9,4.5,0,0,0,1,1
1183,Tofugu,2,9,4.5,0,0,0,1,1
1184,THE [email protected] Side M,2,9,4.5,0,0,0,1,1
1185,Pita-Ten,2,8,4.0,0,0,1,0,1
1186,Iida Tokimeki Trip,2,8,4.0,0,0,1,0,1
1187,Ringing Bell,2,8,4.0,0,0,1,0,1
1188,"Kizuna AI 1st Live ""hello, world""",2,8,4.0,0,0,1,0,1
1189,Dancouga: Super Beast Machine God,2,8,4.0,0,0,1,0,1
1190,Saint Seiya Hades (EN),2,8,4.0,0,0,1,0,1
1191,The Tenth Prism (Motion Manga),2,8,4.0,0,0,1,0,1
1192,The Glass Mask Year 3 Class D,2,8,4.0,0,0,0,2,0
1193,Life in Additional Time,2,8,4.0,0,0,0,2,0
1194,Action Heroine Cheer Fruits,2,7,3.5,0,1,0,0,1
1195,Ultra Maniac,2,7,3.5,0,0,1,1,0
1196,Chiruran 1/2,2,7,3.5,0,0,1,1,0
1197,Japa Con Presents: Agent HaZAP,2,6,3.0,1,0,0,0,1
1198,ORECA BATTLE,2,6,3.0,0,0,2,0,0
1199,PEACE MAKER KUROGANE,2,6,3.0,1,0,0,0,1
1200,THE [email protected] SideM  Wakeatte Mini!,2,6,3.0,1,0,0,0,1
1201,Female Convict Scorpion,2,6,3.0,0,0,2,0,0
1202,Dai-Guard,2,5,2.5,0,1,1,0,0
1203,Gasaraki,2,5,2.5,0,1,1,0,0
1204,Soul Link,2,4,2.0,1,0,1,0,0
1205,Shinobi Girl: The Movie,2,4,2.0,1,0,1,0,0
1206,DYNAMIC CHORD,2,2,1.0,2,0,0,0,0
1207,SHOKU-KING (Motion Manga),1,5,5.0,0,0,0,0,1
1208,Sailor Moon R: The Movie,1,5,5.0,0,0,0,0,1
1209,Katana Maidens ~ Mini Toji,1,5,5.0,0,0,0,0,1
1210,Naruto the Movie: Ninja Clash in the Land of Snow,1,5,5.0,0,0,0,0,1
1211,Naruto the Movie: Legend of the Stone of Gelel,1,5,5.0,0,0,0,0,1
1212,Jungle Emperor Leo,1,5,5.0,0,0,0,0,1
1213,Naruto the Movie: Guardians of the Crescent Moon Kingdom,1,5,5.0,0,0,0,0,1
1214,GoShogun,1,5,5.0,0,0,0,0,1
1215,NG Knight Lamune & 40,1,5,5.0,0,0,0,0,1
1216,Road To Ninja -Naruto the Movie,1,5,5.0,0,0,0,0,1
1217,The Crunchyroll Anime Awards,1,5,5.0,0,0,0,0,1
1218,Gakuen Basara: Samurai High School,1,5,5.0,0,0,0,0,1
1219,Kamen no Maid Guy,1,5,5.0,0,0,0,0,1
1220,EAT-MAN '98,1,5,5.0,0,0,0,0,1
1221,Knuspercast,1,5,5.0,0,0,0,0,1
1222,Magic User's Club,1,5,5.0,0,0,0,0,1
1223,Steel Fisted Dragon,1,5,5.0,0,0,0,0,1
1224,VS Knight Lamune & 40 Fire,1,5,5.0,0,0,0,0,1
1225,Naruto Shippuden the Movie: The Will of Fire,1,5,5.0,0,0,0,0,1
1226,Divine Gate,1,4,4.0,0,0,0,1,0
1227,Wooser’s Hand-to-Mouth Life: Phantasmagoric Arc,1,4,4.0,0,0,0,1,0
1228,Soul Hunter,1,4,4.0,0,0,0,1,0
1229,God Mars,1,3,3.0,0,0,1,0,0
1230,Arcana,1,3,3.0,0,0,1,0,0
1231,SNACK WORLD,1,2,2.0,0,1,0,0,0
1232,8 Man After,1,1,1.0,1,0,0,0,0
1233,Zo Zo Zombie,1,1,1.0,1,0,0,0,0
1234,Cosmo Warrior Zero,1,1,1.0,1,0,0,0,0
1235,Mischievous Kiss - The Movie,0,0,0.0,0,0,0,0,0
1236,K Missing Kings,0,0,0.0,0,0,0,0,0
1237,Naruto Shippuden the Movie: Blood Prison,0,0,0.0,0,0,0,0,0
1238,The Adventures of the Little Prince,0,0,0.0,0,0,0,0,0
1239,Inuyasha the Movie 3: Swords of an Honorable Ruler,0,0,0.0,0,0,0,0,0
1240,Swan Lake,0,0,0.0,0,0,0,0,0
1241,Psybuster,0,0,0.0,0,0,0,0,0
1242,Crunchyroll Convention Highlights,0,0,0.0,0,0,0,0,0
1243,Captain Harlock: Arcadia of my Youth - Endless Orbit SSX,0,0,0.0,0,0,0,0,0
1244,Inuyasha the Movie 2: The Castle Beyond the Looking Glass,0,0,0.0,0,0,0,0,0
1245,K: Seven Stories,0,0,0.0,0,0,0,0,0
1246,The Dragon Lives,0,0,0.0,0,0,0,0,0
1247,Inuyasha the Movie:  Affections Touching Across Time,0,0,0.0,0,0,0,0,0
1248,Naruto Shippuden the Movie: The Lost Tower,0,0,0.0,0,0,0,0,0
1249,Inuyasha the Movie 4: Fire On the Mystic Island,0,0,0.0,0,0,0,0,0
1250,Space Warrior Baldios,0,0,0.0,0,0,0,0,0
1251,Captain Harlock: Arcadia of my Youth,0,0,0.0,0,0,0,0,0
1252,Osomatsu-kun,0,0,0.0,0,0,0,0,0
1253,Magic User's Club OVA,0,0,0.0,0,0,0,0,0
1254,Izumo: Flash of a Brave Sword,0,0,0.0,0,0,0,0,0
